{"n": [2, 4, 1], "activations": ["tanh", "tanh"], "type_cost": "MSE", "W": [[[1.2466976809042971, 0.28242544099376793], [0.695583283779985, 1.5871690372518006], [1.3221033861140863, -0.6898369641953518], [0.6860780232643698, -0.09584523333199634]], [[-0.02355086215527979, 0.2407336295151132, 0.08733607567011512, 0.7389236995962847]]], "b": [[[3.697349519426778e-05], [-0.0010599323774524883], [-4.61555538136023e-05], [-0.00013272807867464916]], [[0.0002707253907766181]]]}