{"n": [2, 1, 1], "activations": ["tanh", "tanh"], "type_cost": "MSE", "W": [[[1.141572581864304, 0.14799962672316214]], [[0.8000679414577196]]], "b": [[[0.005652278192460766]], [[-0.0042304351778385514]]]}