{"n": [2, 2, 1], "activations": ["tanh", "tanh"], "type_cost": "MSE", "W": [[[1.2915728519204315, 0.31689778393908274], [0.6709256312184847, 1.5683669977964152]], [[1.3712658169755774, -0.6276384137470213]]], "b": [[[0.0016271452056380628], [0.00022796086515141473]], [[0.004375424776620724]]]}