{"n": [2, 2, 1], "activations": ["tanh", "linear"], "type_cost": "MSE", "W": [[[1.247635070764494, 0.28314738877331463], [0.6919386163519623, 1.5844519189457875]], [[1.3208695066924416, -0.6906660630423704]]], "b": [[[0.004705157470947661], [-0.0024123184211182046]], [[0.0037085086063132883]]]}