{"n": [2, 2, 1], "activations": ["tanh", "linear"], "type_cost": "MSE", "W": [[[1.2476350673860896, 0.2831473857999661], [0.6919386180636936, 1.5844519204562268]], [[1.320869502645953, -0.6906660684481094]]], "b": [[[0.0047051325258979345], [-0.0024123064538819675]], [[0.003708487438170844]]]}