{"n": [2, 2, 1], "activations": ["tanh", "tanh"], "type_cost": "MSE", "W": [[[1.315222673655525, 0.3385992482939525], [0.6611812384833723, 1.5595185858978264]], [[1.4004463653539176, -0.5902943465945693]]], "b": [[[-0.0017824452933801996], [0.0029458883652113826]], [[0.003959221416168108]]]}