{"n": [2, 3, 1], "activations": ["tanh", "tanh"], "type_cost": "MSE", "W": [[[1.2784545458895709, 0.30530632067197694], [0.6900153789758104, 1.5831496337059012], [1.3185305511809953, -0.6924823677115705]], [[0.6322451852119478, 0.013653964701223964, -0.012528082106200426]]], "b": [[[-0.0019662949015584945], [0.00016413768205717765], [-0.0001101649738348232]], [[0.0008916390113188183]]]}