{"n": [2, 4, 1], "activations": ["tanh", "tanh"], "type_cost": "MSE", "W": [[[1.2466623818745852, 0.2823798556739434], [0.6954674017257617, 1.5869592968458175], [1.3223628406933123, -0.6896125481047598], [0.6883532047585668, -0.09380961988080924]], [[-0.019455429820596264, 0.24487518197480657, 0.0896106210629006, 0.7409024046789499]]], "b": [[[1.3889084256344213e-05], [-9.244197827500311e-05], [-5.2864305625142816e-05], [-0.00024358893347779952]], [[-0.00017810699483492972]]]}