{"n": [2, 2, 1], "activations": ["tanh", "tanh"], "type_cost": "MSE", "W": [[[1.3148871813752656, 0.33821944943232746], [0.6613118674207807, 1.5596679299677967]], [[1.4000139114401566, -0.5908961056781239]]], "b": [[[-0.0018238595308418329], [0.002964029592511303]], [[0.0039442488741814686]]]}