{"n": [2, 2, 1], "activations": ["tanh", "tanh"], "type_cost": "MSE", "W": [[[1.2036800562849777, 0.2824806812954188], [0.7158112534401252, 1.5848078403602206]], [[1.2790877142237642, -0.7154135587074847]]], "b": [[[0.0014908901210545918], [0.0005487117984748824]], [[-0.0018900380606309338]]]}