{"n": [2, 2, 1], "activations": ["tanh", "tanh"], "type_cost": "MSE", "W": [[[1.2011194120491675, 0.2829488518294095], [0.7172644667095188, 1.5845535125496883]], [[1.276733688977355, -0.7163129982791058]]], "b": [[[0.0015709284213263914], [0.0005892531864428819]], [[-0.0019572762071851067]]]}