{"n": [2, 2, 1], "activations": ["tanh", "tanh"], "type_cost": "MSE", "W": [[[1.3947712648793955, 0.7669237875145906], [0.610848677089347, 1.0528245853473204]], [[0.6722139274830377, -0.4721420924213758]]], "b": [[[0.005647237715206527], [0.002660545777285579]], [[-0.00266469739189937]]]}