{"n": [2, 2, 1], "activations": ["tanh", "tanh"], "type_cost": "MSE", "W": [[[1.3134171065101496, 0.3354887059024805], [0.6619194946876528, 1.5608605496889132]], [[1.3980588376774445, -0.5944838658252953]]], "b": [[[-0.0019688175369179245], [0.0030012038585430427]], [[0.004111944056769869]]]}